{
  "30:0" : 
  {
    "ecc" : true,
    "value" : 
    [
      "0x00",
      "0x01",
      "0x02",
      "0x03",
      "0x04",
      "0x05",
      "0x06",
      "0x07",
      "0x08",
      "0x09",
      "0x0a",
      "0x0b",
      "0x0c",
      "0x0d",
      "0x0e",
      "0x0f",
      "0x00",
      "0x10",
      "0x20",
      "0x30",
      "0x40",
      "0x50",
      "0x60",
      "0x70",
      "0x80",
      "0x90",
      "0xa0",
      "0xb0",
      "0xc0",
      "0xd0",
      "0xe0",
      "0xf0"
    ]
  },
  "OTP_DATA_KEY1" : [ 0, 0, 1, 1, 2, 2, 3, 3, 4, 4, 5, 5, 6, 6, 7, 7 ],
  "OTP_DATA_KEY1_VALID" : "0x010101",
  "OTP_DATA_KEY2" : [ 7, 7, 6, 6, 5, 5, 4, 4, 3, 3, 2, 2, 1, 1, 0, 0 ],
  "OTP_DATA_KEY2_VALID" : "0x010101",
  "PAGE30_LOCK0" : "0x4a4a4a"
}